City or municipality,Province,Class
Bangued*,Abra,Mun
Boliney,Abra,Mun
Bucay,Abra,Mun
Bucloc,Abra,Mun
Daguioman,Abra,Mun
Danglas,Abra,Mun
Dolores,Abra,Mun
La Paz,Abra,Mun
Lacub,Abra,Mun
Lagangilang,Abra,Mun
Lagayan,Abra,Mun
Langiden,Abra,Mun
Licuan-Baay,Abra,Mun
Luba,Abra,Mun
Malibcong,Abra,Mun
Manabo,Abra,Mun
Peñarrubia,Abra,Mun
Pidigan,Abra,Mun
Pilar,Abra,Mun
Sallapadan,Abra,Mun
San Isidro,Abra,Mun
San Juan,Abra,Mun
San Quintin,Abra,Mun
Tayum,Abra,Mun
Tineg,Abra,Mun
Tubo,Abra,Mun
Villaviciosa,Abra,Mun
Buenavista,Agusan del Norte,Mun
Butuan*,Agusan del Norte,HUC
Cabadbaran,Agusan del Norte,CC
Carmen,Agusan del Norte,Mun
Jabonga,Agusan del Norte,Mun
Kitcharao,Agusan del Norte,Mun
Las Nieves,Agusan del Norte,Mun
Magallanes,Agusan del Norte,Mun
Nasipit,Agusan del Norte,Mun
Remedios T. Romualdez,Agusan del Norte,Mun
Santiago,Agusan del Norte,Mun
Tubay,Agusan del Norte,Mun
Bayugan*,Agusan del Sur,CC
Bunawan,Agusan del Sur,Mun
Esperanza,Agusan del Sur,Mun
La Paz,Agusan del Sur,Mun
Loreto,Agusan del Sur,Mun
Prosperidad,Agusan del Sur,Mun
Rosario,Agusan del Sur,Mun
San Francisco,Agusan del Sur,Mun
San Luis,Agusan del Sur,Mun
Santa Josefa,Agusan del Sur,Mun
Sibagat,Agusan del Sur,Mun
Talacogon,Agusan del Sur,Mun
Trento,Agusan del Sur,Mun
Veruela,Agusan del Sur,Mun
Altavas,Aklan,Mun
Balete,Aklan,Mun
Banga,Aklan,Mun
Batan,Aklan,Mun
Buruanga,Aklan,Mun
Ibajay,Aklan,Mun
Kalibo*,Aklan,Mun
Lezo,Aklan,Mun
Libacao,Aklan,Mun
Madalag,Aklan,Mun
Makato,Aklan,Mun
Malay,Aklan,Mun
Malinao,Aklan,Mun
Nabas,Aklan,Mun
New Washington,Aklan,Mun
Numancia,Aklan,Mun
Tangalan,Aklan,Mun
Bacacay,Albay,Mun
Camalig,Albay,Mun
Daraga,Albay,Mun
Guinobatan,Albay,Mun
Jovellar,Albay,Mun
Legazpi*,Albay,CC
Libon,Albay,Mun
Ligao,Albay,CC
Malilipot,Albay,Mun
Malinao,Albay,Mun
Manito,Albay,Mun
Oas,Albay,Mun
Pio Duran,Albay,Mun
Polangui,Albay,Mun
Rapu-Rapu,Albay,Mun
Santo Domingo,Albay,Mun
Tabaco,Albay,CC
Tiwi,Albay,Mun
Anini-y,Antique,Mun
Barbaza,Antique,Mun
Belison,Antique,Mun
Bugasong,Antique,Mun
Caluya,Antique,Mun
Culasi,Antique,Mun
Hamtic,Antique,Mun
Laua-an,Antique,Mun
Libertad,Antique,Mun
Pandan,Antique,Mun
Patnongon,Antique,Mun
San Jose de Buenavista*,Antique,Mun
San Remigio,Antique,Mun
Sebaste,Antique,Mun
Sibalom,Antique,Mun
Tibiao,Antique,Mun
Tobias Fornier,Antique,Mun
Valderrama,Antique,Mun
Calanasan,Apayao,Mun
Conner*,Apayao,Mun
Flora,Apayao,Mun
Kabugao,Apayao,Mun
Luna,Apayao,Mun
Pudtol,Apayao,Mun
Santa Marcela,Apayao,Mun
Baler,Aurora,Mun
Casiguran,Aurora,Mun
Dilasag,Aurora,Mun
Dinalungan,Aurora,Mun
Dingalan,Aurora,Mun
Dipaculao,Aurora,Mun
Maria Aurora*,Aurora,Mun
San Luis,Aurora,Mun
Akbar,Basilan,Mun
Al-Barka,Basilan,Mun
Hadji Mohammad Ajul,Basilan,Mun
Hadji Muhtamad,Basilan,Mun
Isabela*,Basilan,CC
Lamitan,Basilan,CC
Lantawan,Basilan,Mun
Maluso,Basilan,Mun
Sumisip,Basilan,Mun
Tabuan-Lasa,Basilan,Mun
Tipo-Tipo,Basilan,Mun
Tuburan,Basilan,Mun
Ungkaya Pukan,Basilan,Mun
Abucay,Bataan,Mun
Bagac,Bataan,Mun
Balanga,Bataan,CC
Dinalupihan,Bataan,Mun
Hermosa,Bataan,Mun
Limay,Bataan,Mun
Mariveles*,Bataan,Mun
Morong,Bataan,Mun
Orani,Bataan,Mun
Orion,Bataan,Mun
Pilar,Bataan,Mun
Samal,Bataan,Mun
Basco*,Batanes,Mun
Itbayat,Batanes,Mun
Ivana,Batanes,Mun
Mahatao,Batanes,Mun
Sabtang,Batanes,Mun
Uyugan,Batanes,Mun
Agoncillo,Batangas,Mun
Alitagtag,Batangas,Mun
Balayan,Batangas,Mun
Balete,Batangas,Mun
Batangas City,Batangas,CC
Bauan,Batangas,Mun
Calaca,Batangas,CC
Calatagan,Batangas,Mun
Cuenca,Batangas,Mun
Ibaan,Batangas,Mun
Laurel,Batangas,Mun
Lemery,Batangas,Mun
Lian,Batangas,Mun
Lipa*,Batangas,CC
Lobo,Batangas,Mun
Mabini,Batangas,Mun
Malvar,Batangas,Mun
Mataasnakahoy,Batangas,Mun
Nasugbu,Batangas,Mun
Padre Garcia,Batangas,Mun
Rosario,Batangas,Mun
San Jose,Batangas,Mun
San Juan,Batangas,Mun
San Luis,Batangas,Mun
San Nicolas,Batangas,Mun
San Pascual,Batangas,Mun
Santa Teresita,Batangas,Mun
Santo Tomas,Batangas,CC
Taal,Batangas,Mun
Talisay,Batangas,Mun
Tanauan,Batangas,CC
Taysan,Batangas,Mun
Tingloy,Batangas,Mun
Tuy,Batangas,Mun
Atok,Benguet,Mun
Baguio*,Benguet,HUC
Bakun,Benguet,Mun
Bokod,Benguet,Mun
Buguias,Benguet,Mun
Itogon,Benguet,Mun
Kabayan,Benguet,Mun
Kapangan,Benguet,Mun
Kibungan,Benguet,Mun
La Trinidad,Benguet,Mun
Mankayan,Benguet,Mun
Sablan,Benguet,Mun
Tuba,Benguet,Mun
Tublay,Benguet,Mun
Almeria,Biliran,Mun
Biliran,Biliran,Mun
Cabucgayan,Biliran,Mun
Caibiran,Biliran,Mun
Culaba,Biliran,Mun
Kawayan,Biliran,Mun
Maripipi,Biliran,Mun
Naval*,Biliran,Mun
Alburquerque,Bohol,Mun
Alicia,Bohol,Mun
Anda,Bohol,Mun
Antequera,Bohol,Mun
Baclayon,Bohol,Mun
Balilihan,Bohol,Mun
Batuan,Bohol,Mun
Bien Unido,Bohol,Mun
Bilar,Bohol,Mun
Buenavista,Bohol,Mun
Calape,Bohol,Mun
Candijay,Bohol,Mun
Carmen,Bohol,Mun
Catigbian,Bohol,Mun
Clarin,Bohol,Mun
Corella,Bohol,Mun
Cortes,Bohol,Mun
Dagohoy,Bohol,Mun
Danao,Bohol,Mun
Dauis,Bohol,Mun
Dimiao,Bohol,Mun
Duero,Bohol,Mun
Garcia Hernandez,Bohol,Mun
Getafe,Bohol,Mun
Guindulman,Bohol,Mun
Inabanga,Bohol,Mun
Jagna,Bohol,Mun
Lila,Bohol,Mun
Loay,Bohol,Mun
Loboc,Bohol,Mun
Loon,Bohol,Mun
Mabini,Bohol,Mun
Maribojoc,Bohol,Mun
Panglao,Bohol,Mun
Pilar,Bohol,Mun
President Carlos P. Garcia,Bohol,Mun
Sagbayan,Bohol,Mun
San Isidro,Bohol,Mun
San Miguel,Bohol,Mun
Sevilla,Bohol,Mun
Sierra Bullones,Bohol,Mun
Sikatuna,Bohol,Mun
Tagbilaran*,Bohol,CC
Talibon,Bohol,Mun
Trinidad,Bohol,Mun
Tubigon,Bohol,Mun
Ubay,Bohol,Mun
Valencia,Bohol,Mun
Baungon,Bukidnon,Mun
Cabanglasan,Bukidnon,Mun
Damulog,Bukidnon,Mun
Dangcagan,Bukidnon,Mun
Don Carlos,Bukidnon,Mun
Impasugong,Bukidnon,Mun
Kadingilan,Bukidnon,Mun
Kalilangan,Bukidnon,Mun
Kibawe,Bukidnon,Mun
Kitaotao,Bukidnon,Mun
Lantapan,Bukidnon,Mun
Libona,Bukidnon,Mun
Malaybalay,Bukidnon,CC
Malitbog,Bukidnon,Mun
Manolo Fortich,Bukidnon,Mun
Maramag,Bukidnon,Mun
Pangantucan,Bukidnon,Mun
Quezon,Bukidnon,Mun
San Fernando,Bukidnon,Mun
Sumilao,Bukidnon,Mun
Talakag,Bukidnon,Mun
Valencia*,Bukidnon,CC
Angat,Bulacan,Mun
Balagtas,Bulacan,Mun
Baliwag,Bulacan,CC
Bocaue,Bulacan,Mun
Bulakan,Bulacan,Mun
Bustos,Bulacan,Mun
Calumpit,Bulacan,Mun
Doña Remedios Trinidad,Bulacan,Mun
Guiguinto,Bulacan,Mun
Hagonoy,Bulacan,Mun
Malolos,Bulacan,CC
Marilao,Bulacan,Mun
Meycauayan,Bulacan,CC
Norzagaray,Bulacan,Mun
Obando,Bulacan,Mun
Pandi,Bulacan,Mun
Paombong,Bulacan,Mun
Plaridel,Bulacan,Mun
Pulilan,Bulacan,Mun
San Ildefonso,Bulacan,Mun
San Jose del Monte*,Bulacan,CC
San Miguel,Bulacan,Mun
San Rafael,Bulacan,Mun
Santa Maria,Bulacan,Mun
Abulug,Cagayan,Mun
Alcala,Cagayan,Mun
Allacapan,Cagayan,Mun
Amulung,Cagayan,Mun
Aparri,Cagayan,Mun
Baggao,Cagayan,Mun
Ballesteros,Cagayan,Mun
Buguey,Cagayan,Mun
Calayan,Cagayan,Mun
Camalaniugan,Cagayan,Mun
Claveria,Cagayan,Mun
Enrile,Cagayan,Mun
Gattaran,Cagayan,Mun
Gonzaga,Cagayan,Mun
Iguig,Cagayan,Mun
Lal-lo,Cagayan,Mun
Lasam,Cagayan,Mun
Pamplona,Cagayan,Mun
Peñablanca,Cagayan,Mun
Piat,Cagayan,Mun
Rizal,Cagayan,Mun
Sanchez-Mira,Cagayan,Mun
Santa Ana,Cagayan,Mun
Santa Praxedes,Cagayan,Mun
Santa Teresita,Cagayan,Mun
Santo Niño,Cagayan,Mun
Solana,Cagayan,Mun
Tuao,Cagayan,Mun
Tuguegarao*,Cagayan,CC
Basud,Camarines Norte,Mun
Capalonga,Camarines Norte,Mun
Daet*,Camarines Norte,Mun
Jose Panganiban,Camarines Norte,Mun
Labo,Camarines Norte,Mun
Mercedes,Camarines Norte,Mun
Paracale,Camarines Norte,Mun
San Lorenzo Ruiz,Camarines Norte,Mun
San Vicente,Camarines Norte,Mun
Santa Elena,Camarines Norte,Mun
Talisay,Camarines Norte,Mun
Vinzons,Camarines Norte,Mun
Baao,Camarines Sur,Mun
Balatan,Camarines Sur,Mun
Bato,Camarines Sur,Mun
Bombon,Camarines Sur,Mun
Buhi,Camarines Sur,Mun
Bula,Camarines Sur,Mun
Cabusao,Camarines Sur,Mun
Calabanga,Camarines Sur,Mun
Camaligan,Camarines Sur,Mun
Canaman,Camarines Sur,Mun
Caramoan,Camarines Sur,Mun
Del Gallego,Camarines Sur,Mun
Gainza,Camarines Sur,Mun
Garchitorena,Camarines Sur,Mun
Goa,Camarines Sur,Mun
Iriga,Camarines Sur,CC
Lagonoy,Camarines Sur,Mun
Libmanan,Camarines Sur,Mun
Lupi,Camarines Sur,Mun
Magarao,Camarines Sur,Mun
Milaor,Camarines Sur,Mun
Minalabac,Camarines Sur,Mun
Nabua,Camarines Sur,Mun
Naga*,Camarines Sur,ICC
Ocampo,Camarines Sur,Mun
Pamplona,Camarines Sur,Mun
Pasacao,Camarines Sur,Mun
Pili,Camarines Sur,Mun
Presentacion,Camarines Sur,Mun
Ragay,Camarines Sur,Mun
Sagñay,Camarines Sur,Mun
San Fernando,Camarines Sur,Mun
San Jose,Camarines Sur,Mun
Sipocot,Camarines Sur,Mun
Siruma,Camarines Sur,Mun
Tigaon,Camarines Sur,Mun
Tinambac,Camarines Sur,Mun
Catarman,Camiguin,Mun
Guinsiliban,Camiguin,Mun
Mahinog,Camiguin,Mun
Mambajao*,Camiguin,Mun
Sagay,Camiguin,Mun
Cuartero,Capiz,Mun
Dao,Capiz,Mun
Dumalag,Capiz,Mun
Dumarao,Capiz,Mun
Ivisan,Capiz,Mun
Jamindan,Capiz,Mun
Ma-ayon,Capiz,Mun
Mambusao,Capiz,Mun
Panay,Capiz,Mun
Panitan,Capiz,Mun
Pilar,Capiz,Mun
Pontevedra,Capiz,Mun
President Roxas,Capiz,Mun
Roxas*,Capiz,CC
Sapian,Capiz,Mun
Sigma,Capiz,Mun
Tapaz,Capiz,Mun
Bagamanoc,Catanduanes,Mun
Baras,Catanduanes,Mun
Bato,Catanduanes,Mun
Caramoran,Catanduanes,Mun
Gigmoto,Catanduanes,Mun
Pandan,Catanduanes,Mun
Panganiban,Catanduanes,Mun
San Andres,Catanduanes,Mun
San Miguel,Catanduanes,Mun
Viga,Catanduanes,Mun
Virac*,Catanduanes,Mun
Alfonso,Cavite,Mun
Amadeo,Cavite,Mun
Bacoor,Cavite,CC
Carmona,Cavite,CC
Cavite City,Cavite,CC
Dasmariñas*,Cavite,CC
General Emilio Aguinaldo,Cavite,Mun
General Mariano Alvarez,Cavite,Mun
General Trias,Cavite,CC
Imus,Cavite,CC
Indang,Cavite,Mun
Kawit,Cavite,Mun
Magallanes,Cavite,Mun
Maragondon,Cavite,Mun
Mendez,Cavite,Mun
Naic,Cavite,Mun
Noveleta,Cavite,Mun
Rosario,Cavite,Mun
Silang,Cavite,Mun
Tagaytay,Cavite,CC
Tanza,Cavite,Mun
Ternate,Cavite,Mun
Trece Martires,Cavite,CC
Alcantara,Cebu,Mun
Alcoy,Cebu,Mun
Alegria,Cebu,Mun
Aloguinsan,Cebu,Mun
Argao,Cebu,Mun
Asturias,Cebu,Mun
Badian,Cebu,Mun
Balamban,Cebu,Mun
Bantayan,Cebu,Mun
Barili,Cebu,Mun
Bogo,Cebu,CC
Boljoon,Cebu,Mun
Borbon,Cebu,Mun
Carcar,Cebu,CC
Carmen,Cebu,Mun
Catmon,Cebu,Mun
Cebu City*,Cebu,HUC
Compostela,Cebu,Mun
Consolacion,Cebu,Mun
Cordova,Cebu,Mun
Daanbantayan,Cebu,Mun
Dalaguete,Cebu,Mun
Danao,Cebu,CC
Dumanjug,Cebu,Mun
Ginatilan,Cebu,Mun
Lapu-Lapu,Cebu,HUC
Liloan,Cebu,Mun
Madridejos,Cebu,Mun
Malabuyoc,Cebu,Mun
Mandaue,Cebu,HUC
Medellin,Cebu,Mun
Minglanilla,Cebu,Mun
Moalboal,Cebu,Mun
Naga,Cebu,CC
Oslob,Cebu,Mun
Pilar,Cebu,Mun
Pinamungajan,Cebu,Mun
Poro,Cebu,Mun
Ronda,Cebu,Mun
Samboan,Cebu,Mun
San Fernando,Cebu,Mun
San Francisco,Cebu,Mun
San Remigio,Cebu,Mun
Santa Fe,Cebu,Mun
Santander,Cebu,Mun
Sibonga,Cebu,Mun
Sogod,Cebu,Mun
Tabogon,Cebu,Mun
Tabuelan,Cebu,Mun
Talisay,Cebu,CC
Toledo,Cebu,CC
Tuburan,Cebu,Mun
Tudela,Cebu,Mun
Alamada,Cotabato,Mun
Aleosan,Cotabato,Mun
Antipas,Cotabato,Mun
Arakan,Cotabato,Mun
Banisilan,Cotabato,Mun
Carmen,Cotabato,Mun
Kabacan,Cotabato,Mun
Kidapawan*,Cotabato,CC
Libungan,Cotabato,Mun
M'lang,Cotabato,Mun
Magpet,Cotabato,Mun
Makilala,Cotabato,Mun
Matalam,Cotabato,Mun
Midsayap,Cotabato,Mun
Pigcawayan,Cotabato,Mun
Pikit,Cotabato,Mun
President Roxas,Cotabato,Mun
Tulunan,Cotabato,Mun
Compostela,Davao de Oro,Mun
Laak,Davao de Oro,Mun
Mabini,Davao de Oro,Mun
Maco,Davao de Oro,Mun
Maragusan,Davao de Oro,Mun
Mawab,Davao de Oro,Mun
Monkayo*,Davao de Oro,Mun
Montevista,Davao de Oro,Mun
Nabunturan,Davao de Oro,Mun
New Bataan,Davao de Oro,Mun
Pantukan,Davao de Oro,Mun
Asuncion,Davao del Norte,Mun
Braulio E. Dujali,Davao del Norte,Mun
Carmen,Davao del Norte,Mun
Kapalong,Davao del Norte,Mun
New Corella,Davao del Norte,Mun
Panabo,Davao del Norte,CC
Samal,Davao del Norte,CC
San Isidro,Davao del Norte,Mun
Santo Tomas,Davao del Norte,Mun
Tagum*,Davao del Norte,CC
Talaingod,Davao del Norte,Mun
Bansalan,Davao del Sur,Mun
Davao City*,Davao del Sur,HUC
Digos,Davao del Sur,CC
Hagonoy,Davao del Sur,Mun
Kiblawan,Davao del Sur,Mun
Magsaysay,Davao del Sur,Mun
Malalag,Davao del Sur,Mun
Matanao,Davao del Sur,Mun
Padada,Davao del Sur,Mun
Santa Cruz,Davao del Sur,Mun
Sulop,Davao del Sur,Mun
Don Marcelino,Davao Occidental,Mun
Jose Abad Santos,Davao Occidental,Mun
Malita*,Davao Occidental,Mun
Santa Maria,Davao Occidental,Mun
Sarangani,Davao Occidental,Mun
Baganga,Davao Oriental,Mun
Banaybanay,Davao Oriental,Mun
Boston,Davao Oriental,Mun
Caraga,Davao Oriental,Mun
Cateel,Davao Oriental,Mun
Governor Generoso,Davao Oriental,Mun
Lupon,Davao Oriental,Mun
Manay,Davao Oriental,Mun
Mati*,Davao Oriental,CC
San Isidro,Davao Oriental,Mun
Tarragona,Davao Oriental,Mun
Basilisa*,Dinagat Islands,Mun
Cagdianao,Dinagat Islands,Mun
Dinagat,Dinagat Islands,Mun
Libjo,Dinagat Islands,Mun
Loreto,Dinagat Islands,Mun
San Jose,Dinagat Islands,Mun
Tubajon,Dinagat Islands,Mun
Arteche,Eastern Samar,Mun
Balangiga,Eastern Samar,Mun
Balangkayan,Eastern Samar,Mun
Borongan*,Eastern Samar,CC
Can-avid,Eastern Samar,Mun
Dolores,Eastern Samar,Mun
General MacArthur,Eastern Samar,Mun
Giporlos,Eastern Samar,Mun
Guiuan,Eastern Samar,Mun
Hernani,Eastern Samar,Mun
Jipapad,Eastern Samar,Mun
Lawaan,Eastern Samar,Mun
Llorente,Eastern Samar,Mun
Maslog,Eastern Samar,Mun
Maydolong,Eastern Samar,Mun
Mercedes,Eastern Samar,Mun
Oras,Eastern Samar,Mun
Quinapondan,Eastern Samar,Mun
Salcedo,Eastern Samar,Mun
San Julian,Eastern Samar,Mun
San Policarpo,Eastern Samar,Mun
Sulat,Eastern Samar,Mun
Taft,Eastern Samar,Mun
Buenavista*,Guimaras,Mun
Jordan,Guimaras,Mun
Nueva Valencia,Guimaras,Mun
San Lorenzo,Guimaras,Mun
Sibunag,Guimaras,Mun
Aguinaldo,Ifugao,Mun
Alfonso Lista*,Ifugao,Mun
Asipulo,Ifugao,Mun
Banaue,Ifugao,Mun
Hingyon,Ifugao,Mun
Hungduan,Ifugao,Mun
Kiangan,Ifugao,Mun
Lagawe,Ifugao,Mun
Lamut,Ifugao,Mun
Mayoyao,Ifugao,Mun
Tinoc,Ifugao,Mun
Adams,Ilocos Norte,Mun
Bacarra,Ilocos Norte,Mun
Badoc,Ilocos Norte,Mun
Bangui,Ilocos Norte,Mun
Banna,Ilocos Norte,Mun
Batac,Ilocos Norte,CC
Burgos,Ilocos Norte,Mun
Carasi,Ilocos Norte,Mun
Currimao,Ilocos Norte,Mun
Dingras,Ilocos Norte,Mun
Dumalneg,Ilocos Norte,Mun
Laoag*,Ilocos Norte,CC
Marcos,Ilocos Norte,Mun
Nueva Era,Ilocos Norte,Mun
Pagudpud,Ilocos Norte,Mun
Paoay,Ilocos Norte,Mun
Pasuquin,Ilocos Norte,Mun
Piddig,Ilocos Norte,Mun
Pinili,Ilocos Norte,Mun
San Nicolas,Ilocos Norte,Mun
Sarrat,Ilocos Norte,Mun
Solsona,Ilocos Norte,Mun
Vintar,Ilocos Norte,Mun
Alilem,Ilocos Sur,Mun
Banayoyo,Ilocos Sur,Mun
Bantay,Ilocos Sur,Mun
Burgos,Ilocos Sur,Mun
Cabugao,Ilocos Sur,Mun
Candon*,Ilocos Sur,CC
Caoayan,Ilocos Sur,Mun
Cervantes,Ilocos Sur,Mun
Galimuyod,Ilocos Sur,Mun
Gregorio del Pilar,Ilocos Sur,Mun
Lidlidda,Ilocos Sur,Mun
Magsingal,Ilocos Sur,Mun
Nagbukel,Ilocos Sur,Mun
Narvacan,Ilocos Sur,Mun
Quirino,Ilocos Sur,Mun
Salcedo,Ilocos Sur,Mun
San Emilio,Ilocos Sur,Mun
San Esteban,Ilocos Sur,Mun
San Ildefonso,Ilocos Sur,Mun
San Juan,Ilocos Sur,Mun
San Vicente,Ilocos Sur,Mun
Santa Catalina,Ilocos Sur,Mun
Santa Cruz,Ilocos Sur,Mun
Santa Lucia,Ilocos Sur,Mun
Santa Maria,Ilocos Sur,Mun
Santa,Ilocos Sur,Mun
Santiago,Ilocos Sur,Mun
Santo Domingo,Ilocos Sur,Mun
Sigay,Ilocos Sur,Mun
Sinait,Ilocos Sur,Mun
Sugpon,Ilocos Sur,Mun
Suyo,Ilocos Sur,Mun
Tagudin,Ilocos Sur,Mun
Vigan,Ilocos Sur,CC
Ajuy,Iloilo,Mun
Alimodian,Iloilo,Mun
Anilao,Iloilo,Mun
Badiangan,Iloilo,Mun
Balasan,Iloilo,Mun
Banate,Iloilo,Mun
Barotac Nuevo,Iloilo,Mun
Barotac Viejo,Iloilo,Mun
Batad,Iloilo,Mun
Bingawan,Iloilo,Mun
Cabatuan,Iloilo,Mun
Calinog,Iloilo,Mun
Carles,Iloilo,Mun
Concepcion,Iloilo,Mun
Dingle,Iloilo,Mun
Dueñas,Iloilo,Mun
Dumangas,Iloilo,Mun
Estancia,Iloilo,Mun
Guimbal,Iloilo,Mun
Igbaras,Iloilo,Mun
Iloilo City*,Iloilo,HUC
Janiuay,Iloilo,Mun
Lambunao,Iloilo,Mun
Leganes,Iloilo,Mun
Lemery,Iloilo,Mun
Leon,Iloilo,Mun
Maasin,Iloilo,Mun
Miagao,Iloilo,Mun
Mina,Iloilo,Mun
New Lucena,Iloilo,Mun
Oton,Iloilo,Mun
Passi,Iloilo,CC
Pavia,Iloilo,Mun
Pototan,Iloilo,Mun
San Dionisio,Iloilo,Mun
San Enrique,Iloilo,Mun
San Joaquin,Iloilo,Mun
San Miguel,Iloilo,Mun
San Rafael,Iloilo,Mun
Santa Barbara,Iloilo,Mun
Sara,Iloilo,Mun
Tigbauan,Iloilo,Mun
Tubungan,Iloilo,Mun
Zarraga,Iloilo,Mun
Alicia,Isabela,Mun
Angadanan,Isabela,Mun
Aurora,Isabela,Mun
Benito Soliven,Isabela,Mun
Burgos,Isabela,Mun
Cabagan,Isabela,Mun
Cabatuan,Isabela,Mun
Cauayan,Isabela,CC
Cordon,Isabela,Mun
Delfin Albano,Isabela,Mun
Dinapigue,Isabela,Mun
Divilacan,Isabela,Mun
Echague,Isabela,Mun
Gamu,Isabela,Mun
Ilagan*,Isabela,CC
Jones,Isabela,Mun
Luna,Isabela,Mun
Maconacon,Isabela,Mun
Mallig,Isabela,Mun
Naguilian,Isabela,Mun
Palanan,Isabela,Mun
Quezon,Isabela,Mun
Quirino,Isabela,Mun
Ramon,Isabela,Mun
Reina Mercedes,Isabela,Mun
Roxas,Isabela,Mun
San Agustin,Isabela,Mun
San Guillermo,Isabela,Mun
San Isidro,Isabela,Mun
San Manuel,Isabela,Mun
San Mariano,Isabela,Mun
San Mateo,Isabela,Mun
San Pablo,Isabela,Mun
Santa Maria,Isabela,Mun
Santiago,Isabela,ICC
Santo Tomas,Isabela,Mun
Tumauini,Isabela,Mun
Balbalan,Kalinga,Mun
Lubuagan,Kalinga,Mun
Pasil,Kalinga,Mun
Pinukpuk,Kalinga,Mun
Rizal,Kalinga,Mun
Tabuk*,Kalinga,CC
Tanudan,Kalinga,Mun
Tinglayan,Kalinga,Mun
Agoo,La Union,Mun
Aringay,La Union,Mun
Bacnotan,La Union,Mun
Bagulin,La Union,Mun
Balaoan,La Union,Mun
Bangar,La Union,Mun
Bauang,La Union,Mun
Burgos,La Union,Mun
Caba,La Union,Mun
Luna,La Union,Mun
Naguilian,La Union,Mun
Pugo,La Union,Mun
Rosario,La Union,Mun
San Fernando*,La Union,CC
San Gabriel,La Union,Mun
San Juan,La Union,Mun
Santo Tomas,La Union,Mun
Santol,La Union,Mun
Sudipen,La Union,Mun
Tubao,La Union,Mun
Alaminos,Laguna,Mun
Bay,Laguna,Mun
Biñan,Laguna,CC
Cabuyao,Laguna,CC
Calamba*,Laguna,CC
Calauan,Laguna,Mun
Cavinti,Laguna,Mun
Famy,Laguna,Mun
Kalayaan,Laguna,Mun
Liliw,Laguna,Mun
Los Baños,Laguna,Mun
Luisiana,Laguna,Mun
Lumban,Laguna,Mun
Mabitac,Laguna,Mun
Magdalena,Laguna,Mun
Majayjay,Laguna,Mun
Nagcarlan,Laguna,Mun
Paete,Laguna,Mun
Pagsanjan,Laguna,Mun
Pakil,Laguna,Mun
Pangil,Laguna,Mun
Pila,Laguna,Mun
Rizal,Laguna,Mun
San Pablo,Laguna,CC
San Pedro,Laguna,CC
Santa Cruz,Laguna,Mun
Santa Maria,Laguna,Mun
Santa Rosa,Laguna,CC
Siniloan,Laguna,Mun
Victoria,Laguna,Mun
Bacolod,Lanao del Norte,Mun
Balo-i,Lanao del Norte,Mun
Baroy,Lanao del Norte,Mun
Iligan*,Lanao del Norte,HUC
Kapatagan,Lanao del Norte,Mun
Kauswagan,Lanao del Norte,Mun
Kolambugan,Lanao del Norte,Mun
Lala,Lanao del Norte,Mun
Linamon,Lanao del Norte,Mun
Magsaysay,Lanao del Norte,Mun
Maigo,Lanao del Norte,Mun
Matungao,Lanao del Norte,Mun
Munai,Lanao del Norte,Mun
Nunungan,Lanao del Norte,Mun
Pantao Ragat,Lanao del Norte,Mun
Pantar,Lanao del Norte,Mun
Poona Piagapo,Lanao del Norte,Mun
Salvador,Lanao del Norte,Mun
Sapad,Lanao del Norte,Mun
Sultan Naga Dimaporo,Lanao del Norte,Mun
Tagoloan,Lanao del Norte,Mun
Tangcal,Lanao del Norte,Mun
Tubod,Lanao del Norte,Mun
Amai Manabilang,Lanao del Sur,Mun
Bacolod-Kalawi,Lanao del Sur,Mun
Balabagan,Lanao del Sur,Mun
Balindong,Lanao del Sur,Mun
Bayang,Lanao del Sur,Mun
Binidayan,Lanao del Sur,Mun
Buadiposo-Buntong,Lanao del Sur,Mun
Bubong,Lanao del Sur,Mun
Butig,Lanao del Sur,Mun
Calanogas,Lanao del Sur,Mun
Ditsaan-Ramain,Lanao del Sur,Mun
Ganassi,Lanao del Sur,Mun
Kapai,Lanao del Sur,Mun
Kapatagan,Lanao del Sur,Mun
Lumba-Bayabao,Lanao del Sur,Mun
Lumbaca-Unayan,Lanao del Sur,Mun
Lumbatan,Lanao del Sur,Mun
Lumbayanague,Lanao del Sur,Mun
Madalum,Lanao del Sur,Mun
Madamba,Lanao del Sur,Mun
Maguing,Lanao del Sur,Mun
Malabang,Lanao del Sur,Mun
Marantao,Lanao del Sur,Mun
Marawi*,Lanao del Sur,CC
Marogong,Lanao del Sur,Mun
Masiu,Lanao del Sur,Mun
Mulondo,Lanao del Sur,Mun
Pagayawan,Lanao del Sur,Mun
Piagapo,Lanao del Sur,Mun
Picong,Lanao del Sur,Mun
Poona Bayabao,Lanao del Sur,Mun
Pualas,Lanao del Sur,Mun
Saguiaran,Lanao del Sur,Mun
Sultan Dumalondong,Lanao del Sur,Mun
Tagoloan II,Lanao del Sur,Mun
Tamparan,Lanao del Sur,Mun
Taraka,Lanao del Sur,Mun
Tubaran,Lanao del Sur,Mun
Tugaya,Lanao del Sur,Mun
Wao,Lanao del Sur,Mun
Abuyog,Leyte,Mun
Alangalang,Leyte,Mun
Albuera,Leyte,Mun
Babatngon,Leyte,Mun
Barugo,Leyte,Mun
Bato,Leyte,Mun
Baybay,Leyte,CC
Burauen,Leyte,Mun
Calubian,Leyte,Mun
Capoocan,Leyte,Mun
Carigara,Leyte,Mun
Dagami,Leyte,Mun
Dulag,Leyte,Mun
Hilongos,Leyte,Mun
Hindang,Leyte,Mun
Inopacan,Leyte,Mun
Isabel,Leyte,Mun
Jaro,Leyte,Mun
Javier,Leyte,Mun
Julita,Leyte,Mun
Kananga,Leyte,Mun
La Paz,Leyte,Mun
Leyte,Leyte,Mun
MacArthur,Leyte,Mun
Mahaplag,Leyte,Mun
Matag-ob,Leyte,Mun
Matalom,Leyte,Mun
Mayorga,Leyte,Mun
Merida,Leyte,Mun
Ormoc,Leyte,ICC
Palo,Leyte,Mun
Palompon,Leyte,Mun
Pastrana,Leyte,Mun
San Isidro,Leyte,Mun
San Miguel,Leyte,Mun
Santa Fe,Leyte,Mun
Tabango,Leyte,Mun
Tabontabon,Leyte,Mun
Tacloban*,Leyte,HUC
Tanauan,Leyte,Mun
Tolosa,Leyte,Mun
Tunga,Leyte,Mun
Villaba,Leyte,Mun
Barira,Maguindanao del Norte,Mun
Buldon,Maguindanao del Norte,Mun
Cotabato City*,Maguindanao del Norte,ICC
Datu Blah T. Sinsuat,Maguindanao del Norte,Mun
Datu Odin Sinsuat,Maguindanao del Norte,Mun
Kabuntalan,Maguindanao del Norte,Mun
Matanog,Maguindanao del Norte,Mun
Northern Kabuntalan,Maguindanao del Norte,Mun
Parang,Maguindanao del Norte,Mun
Sultan Kudarat,Maguindanao del Norte,Mun
Sultan Mastura,Maguindanao del Norte,Mun
Talitay,Maguindanao del Norte,Mun
Upi,Maguindanao del Norte,Mun
Ampatuan,Maguindanao del Sur,Mun
Buluan*,Maguindanao del Sur,Mun
Datu Abdullah Sangki,Maguindanao del Sur,Mun
Datu Anggal Midtimbang,Maguindanao del Sur,Mun
Datu Hoffer Ampatuan,Maguindanao del Sur,Mun
Datu Montawal,Maguindanao del Sur,Mun
Datu Paglas,Maguindanao del Sur,Mun
Datu Piang,Maguindanao del Sur,Mun
Datu Salibo,Maguindanao del Sur,Mun
Datu Saudi-Ampatuan,Maguindanao del Sur,Mun
Datu Unsay,Maguindanao del Sur,Mun
General Salipada K. Pendatun,Maguindanao del Sur,Mun
Guindulungan,Maguindanao del Sur,Mun
Mamasapano,Maguindanao del Sur,Mun
Mangudadatu,Maguindanao del Sur,Mun
Pagalungan,Maguindanao del Sur,Mun
Paglat,Maguindanao del Sur,Mun
Pandag,Maguindanao del Sur,Mun
Rajah Buayan,Maguindanao del Sur,Mun
Shariff Aguak,Maguindanao del Sur,Mun
Shariff Saydona Mustapha,Maguindanao del Sur,Mun
South Upi,Maguindanao del Sur,Mun
Sultan sa Barongis,Maguindanao del Sur,Mun
Talayan,Maguindanao del Sur,Mun
Boac*,Marinduque,Mun
Buenavista,Marinduque,Mun
Gasan,Marinduque,Mun
Mogpog,Marinduque,Mun
Santa Cruz,Marinduque,Mun
Torrijos,Marinduque,Mun
Aroroy,Masbate,Mun
Baleno,Masbate,Mun
Balud,Masbate,Mun
Batuan,Masbate,Mun
Cataingan,Masbate,Mun
Cawayan,Masbate,Mun
Claveria,Masbate,Mun
Dimasalang,Masbate,Mun
Esperanza,Masbate,Mun
Mandaon,Masbate,Mun
Masbate City*,Masbate,CC
Milagros,Masbate,Mun
Mobo,Masbate,Mun
Monreal,Masbate,Mun
Palanas,Masbate,Mun
Pio V. Corpus,Masbate,Mun
Placer,Masbate,Mun
San Fernando,Masbate,Mun
San Jacinto,Masbate,Mun
San Pascual,Masbate,Mun
Uson,Masbate,Mun
Caloocan,Metro Manila,HUC
Las Piñas,Metro Manila,HUC
Makati,Metro Manila,HUC
Malabon,Metro Manila,HUC
Mandaluyong,Metro Manila,HUC
Manila,Metro Manila,HUC
Marikina,Metro Manila,HUC
Muntinlupa,Metro Manila,HUC
Navotas,Metro Manila,HUC
Parañaque,Metro Manila,HUC
Pasay,Metro Manila,HUC
Pasig,Metro Manila,HUC
Pateros,Metro Manila,Mun
Quezon City**,Metro Manila,HUC
San Juan,Metro Manila,HUC
Taguig,Metro Manila,HUC
Valenzuela,Metro Manila,HUC
Aloran,Misamis Occidental,Mun
Baliangao,Misamis Occidental,Mun
Bonifacio,Misamis Occidental,Mun
Calamba,Misamis Occidental,Mun
Clarin,Misamis Occidental,Mun
Concepcion,Misamis Occidental,Mun
Don Victoriano Chiongbian,Misamis Occidental,Mun
Jimenez,Misamis Occidental,Mun
Lopez Jaena,Misamis Occidental,Mun
Oroquieta,Misamis Occidental,CC
Ozamiz*,Misamis Occidental,CC
Panaon,Misamis Occidental,Mun
Plaridel,Misamis Occidental,Mun
Sapang Dalaga,Misamis Occidental,Mun
Sinacaban,Misamis Occidental,Mun
Tangub,Misamis Occidental,CC
Tudela,Misamis Occidental,Mun
Alubijid,Misamis Oriental,Mun
Balingasag,Misamis Oriental,Mun
Balingoan,Misamis Oriental,Mun
Binuangan,Misamis Oriental,Mun
Cagayan de Oro*,Misamis Oriental,HUC
Claveria,Misamis Oriental,Mun
El Salvador,Misamis Oriental,CC
Gingoog,Misamis Oriental,CC
Gitagum,Misamis Oriental,Mun
Initao,Misamis Oriental,Mun
Jasaan,Misamis Oriental,Mun
Kinoguitan,Misamis Oriental,Mun
Lagonglong,Misamis Oriental,Mun
Laguindingan,Misamis Oriental,Mun
Libertad,Misamis Oriental,Mun
Lugait,Misamis Oriental,Mun
Magsaysay,Misamis Oriental,Mun
Manticao,Misamis Oriental,Mun
Medina,Misamis Oriental,Mun
Naawan,Misamis Oriental,Mun
Opol,Misamis Oriental,Mun
Salay,Misamis Oriental,Mun
Sugbongcogon,Misamis Oriental,Mun
Tagoloan,Misamis Oriental,Mun
Talisayan,Misamis Oriental,Mun
Villanueva,Misamis Oriental,Mun
Barlig,Mountain Province,Mun
Bauko*,Mountain Province,Mun
Besao,Mountain Province,Mun
Bontoc,Mountain Province,Mun
Natonin,Mountain Province,Mun
Paracelis,Mountain Province,Mun
Sabangan,Mountain Province,Mun
Sadanga,Mountain Province,Mun
Sagada,Mountain Province,Mun
Tadian,Mountain Province,Mun
Bacolod*,Negros Occidental,HUC
Bago,Negros Occidental,CC
Binalbagan,Negros Occidental,Mun
Cadiz,Negros Occidental,CC
Calatrava,Negros Occidental,Mun
Candoni,Negros Occidental,Mun
Cauayan,Negros Occidental,Mun
Don Salvador Benedicto,Negros Occidental,Mun
Enrique B. Magalona,Negros Occidental,Mun
Escalante,Negros Occidental,CC
Himamaylan,Negros Occidental,CC
Hinigaran,Negros Occidental,Mun
Hinoba-an,Negros Occidental,Mun
Ilog,Negros Occidental,Mun
Isabela,Negros Occidental,Mun
Kabankalan,Negros Occidental,CC
La Carlota,Negros Occidental,CC
La Castellana,Negros Occidental,Mun
Manapla,Negros Occidental,Mun
Moises Padilla,Negros Occidental,Mun
Murcia,Negros Occidental,Mun
Pontevedra,Negros Occidental,Mun
Pulupandan,Negros Occidental,Mun
Sagay,Negros Occidental,CC
San Carlos,Negros Occidental,CC
San Enrique,Negros Occidental,Mun
Silay,Negros Occidental,CC
Sipalay,Negros Occidental,CC
Talisay,Negros Occidental,CC
Toboso,Negros Occidental,Mun
Valladolid,Negros Occidental,Mun
Victorias,Negros Occidental,CC
Amlan,Negros Oriental,Mun
Ayungon,Negros Oriental,Mun
Bacong,Negros Oriental,Mun
Bais,Negros Oriental,CC
Basay,Negros Oriental,Mun
Bayawan,Negros Oriental,CC
Bindoy,Negros Oriental,Mun
Canlaon,Negros Oriental,CC
Dauin,Negros Oriental,Mun
Dumaguete*,Negros Oriental,CC
Guihulngan,Negros Oriental,CC
Jimalalud,Negros Oriental,Mun
La Libertad,Negros Oriental,Mun
Mabinay,Negros Oriental,Mun
Manjuyod,Negros Oriental,Mun
Pamplona,Negros Oriental,Mun
San Jose,Negros Oriental,Mun
Santa Catalina,Negros Oriental,Mun
Siaton,Negros Oriental,Mun
Sibulan,Negros Oriental,Mun
Tanjay,Negros Oriental,CC
Tayasan,Negros Oriental,Mun
Valencia,Negros Oriental,Mun
Vallehermoso,Negros Oriental,Mun
Zamboanguita,Negros Oriental,Mun
Allen,Northern Samar,Mun
Biri,Northern Samar,Mun
Bobon,Northern Samar,Mun
Capul,Northern Samar,Mun
Catarman*,Northern Samar,Mun
Catubig,Northern Samar,Mun
Gamay,Northern Samar,Mun
Laoang,Northern Samar,Mun
Lapinig,Northern Samar,Mun
Las Navas,Northern Samar,Mun
Lavezares,Northern Samar,Mun
Lope de Vega,Northern Samar,Mun
Mapanas,Northern Samar,Mun
Mondragon,Northern Samar,Mun
Palapag,Northern Samar,Mun
Pambujan,Northern Samar,Mun
Rosario,Northern Samar,Mun
San Antonio,Northern Samar,Mun
San Isidro,Northern Samar,Mun
San Jose,Northern Samar,Mun
San Roque,Northern Samar,Mun
San Vicente,Northern Samar,Mun
Silvino Lobos,Northern Samar,Mun
Victoria,Northern Samar,Mun
Aliaga,Nueva Ecija,Mun
Bongabon,Nueva Ecija,Mun
Cabanatuan*,Nueva Ecija,CC
Cabiao,Nueva Ecija,Mun
Carranglan,Nueva Ecija,Mun
Cuyapo,Nueva Ecija,Mun
Gabaldon,Nueva Ecija,Mun
Gapan,Nueva Ecija,CC
General Mamerto Natividad,Nueva Ecija,Mun
General Tinio,Nueva Ecija,Mun
Guimba,Nueva Ecija,Mun
Jaen,Nueva Ecija,Mun
Laur,Nueva Ecija,Mun
Licab,Nueva Ecija,Mun
Llanera,Nueva Ecija,Mun
Lupao,Nueva Ecija,Mun
Muñoz,Nueva Ecija,CC
Nampicuan,Nueva Ecija,Mun
Palayan,Nueva Ecija,CC
Pantabangan,Nueva Ecija,Mun
Peñaranda,Nueva Ecija,Mun
Quezon,Nueva Ecija,Mun
Rizal,Nueva Ecija,Mun
San Antonio,Nueva Ecija,Mun
San Isidro,Nueva Ecija,Mun
San Jose,Nueva Ecija,CC
San Leonardo,Nueva Ecija,Mun
Santa Rosa,Nueva Ecija,Mun
Santo Domingo,Nueva Ecija,Mun
Talavera,Nueva Ecija,Mun
Talugtug,Nueva Ecija,Mun
Zaragoza,Nueva Ecija,Mun
Alfonso Castañeda,Nueva Vizcaya,Mun
Ambaguio,Nueva Vizcaya,Mun
Aritao,Nueva Vizcaya,Mun
Bagabag,Nueva Vizcaya,Mun
Bambang,Nueva Vizcaya,Mun
Bayombong*,Nueva Vizcaya,Mun
Diadi,Nueva Vizcaya,Mun
Dupax del Norte,Nueva Vizcaya,Mun
Dupax del Sur,Nueva Vizcaya,Mun
Kasibu,Nueva Vizcaya,Mun
Kayapa,Nueva Vizcaya,Mun
Quezon,Nueva Vizcaya,Mun
Santa Fe,Nueva Vizcaya,Mun
Solano,Nueva Vizcaya,Mun
Villaverde,Nueva Vizcaya,Mun
Abra de Ilog,Occidental Mindoro,Mun
Calintaan,Occidental Mindoro,Mun
Looc,Occidental Mindoro,Mun
Lubang,Occidental Mindoro,Mun
Magsaysay,Occidental Mindoro,Mun
Mamburao,Occidental Mindoro,Mun
Paluan,Occidental Mindoro,Mun
Rizal,Occidental Mindoro,Mun
Sablayan,Occidental Mindoro,Mun
San Jose*,Occidental Mindoro,Mun
Santa Cruz,Occidental Mindoro,Mun
Baco,Oriental Mindoro,Mun
Bansud,Oriental Mindoro,Mun
Bongabong,Oriental Mindoro,Mun
Bulalacao,Oriental Mindoro,Mun
Calapan*,Oriental Mindoro,CC
Gloria,Oriental Mindoro,Mun
Mansalay,Oriental Mindoro,Mun
Naujan,Oriental Mindoro,Mun
Pinamalayan,Oriental Mindoro,Mun
Pola,Oriental Mindoro,Mun
Puerto Galera,Oriental Mindoro,Mun
Roxas,Oriental Mindoro,Mun
San Teodoro,Oriental Mindoro,Mun
Socorro,Oriental Mindoro,Mun
Victoria,Oriental Mindoro,Mun
Aborlan,Palawan,Mun
Agutaya,Palawan,Mun
Araceli,Palawan,Mun
Balabac,Palawan,Mun
Bataraza,Palawan,Mun
Brooke's Point,Palawan,Mun
Busuanga,Palawan,Mun
Cagayancillo,Palawan,Mun
Coron,Palawan,Mun
Culion,Palawan,Mun
Cuyo,Palawan,Mun
Dumaran,Palawan,Mun
El Nido,Palawan,Mun
Kalayaan,Palawan,Mun
Linapacan,Palawan,Mun
Magsaysay,Palawan,Mun
Narra,Palawan,Mun
Puerto Princesa*,Palawan,HUC
Quezon,Palawan,Mun
Rizal,Palawan,Mun
Roxas,Palawan,Mun
San Vicente,Palawan,Mun
Sofronio Española,Palawan,Mun
Taytay,Palawan,Mun
Angeles*,Pampanga,HUC
Apalit,Pampanga,Mun
Arayat,Pampanga,Mun
Bacolor,Pampanga,Mun
Candaba,Pampanga,Mun
Floridablanca,Pampanga,Mun
Guagua,Pampanga,Mun
Lubao,Pampanga,Mun
Mabalacat,Pampanga,CC
Macabebe,Pampanga,Mun
Magalang,Pampanga,Mun
Masantol,Pampanga,Mun
Mexico,Pampanga,Mun
Minalin,Pampanga,Mun
Porac,Pampanga,Mun
San Fernando,Pampanga,CC
San Luis,Pampanga,Mun
San Simon,Pampanga,Mun
Santa Ana,Pampanga,Mun
Santa Rita,Pampanga,Mun
Santo Tomas,Pampanga,Mun
Sasmuan,Pampanga,Mun
Agno,Pangasinan,Mun
Aguilar,Pangasinan,Mun
Alaminos,Pangasinan,CC
Alcala,Pangasinan,Mun
Anda,Pangasinan,Mun
Asingan,Pangasinan,Mun
Balungao,Pangasinan,Mun
Bani,Pangasinan,Mun
Basista,Pangasinan,Mun
Bautista,Pangasinan,Mun
Bayambang,Pangasinan,Mun
Binalonan,Pangasinan,Mun
Binmaley,Pangasinan,Mun
Bolinao,Pangasinan,Mun
Bugallon,Pangasinan,Mun
Burgos,Pangasinan,Mun
Calasiao,Pangasinan,Mun
Dagupan,Pangasinan,ICC
Dasol,Pangasinan,Mun
Infanta,Pangasinan,Mun
Labrador,Pangasinan,Mun
Laoac,Pangasinan,Mun
Lingayen,Pangasinan,Mun
Mabini,Pangasinan,Mun
Malasiqui,Pangasinan,Mun
Manaoag,Pangasinan,Mun
Mangaldan,Pangasinan,Mun
Mangatarem,Pangasinan,Mun
Mapandan,Pangasinan,Mun
Natividad,Pangasinan,Mun
Pozorrubio,Pangasinan,Mun
Rosales,Pangasinan,Mun
San Carlos*,Pangasinan,CC
San Fabian,Pangasinan,Mun
San Jacinto,Pangasinan,Mun
San Manuel,Pangasinan,Mun
San Nicolas,Pangasinan,Mun
San Quintin,Pangasinan,Mun
Santa Barbara,Pangasinan,Mun
Santa Maria,Pangasinan,Mun
Santo Tomas,Pangasinan,Mun
Sison,Pangasinan,Mun
Sual,Pangasinan,Mun
Tayug,Pangasinan,Mun
Umingan,Pangasinan,Mun
Urbiztondo,Pangasinan,Mun
Urdaneta,Pangasinan,CC
Villasis,Pangasinan,Mun
Agdangan,Quezon,Mun
Alabat,Quezon,Mun
Atimonan,Quezon,Mun
Buenavista,Quezon,Mun
Burdeos,Quezon,Mun
Calauag,Quezon,Mun
Candelaria,Quezon,Mun
Catanauan,Quezon,Mun
Dolores,Quezon,Mun
General Luna,Quezon,Mun
General Nakar,Quezon,Mun
Guinayangan,Quezon,Mun
Gumaca,Quezon,Mun
Infanta,Quezon,Mun
Jomalig,Quezon,Mun
Lopez,Quezon,Mun
Lucban,Quezon,Mun
Lucena*,Quezon,HUC
Macalelon,Quezon,Mun
Mauban,Quezon,Mun
Mulanay,Quezon,Mun
Padre Burgos,Quezon,Mun
Pagbilao,Quezon,Mun
Panukulan,Quezon,Mun
Patnanungan,Quezon,Mun
Perez,Quezon,Mun
Pitogo,Quezon,Mun
Plaridel,Quezon,Mun
Polillo,Quezon,Mun
Quezon,Quezon,Mun
Real,Quezon,Mun
Sampaloc,Quezon,Mun
San Andres,Quezon,Mun
San Antonio,Quezon,Mun
San Francisco,Quezon,Mun
San Narciso,Quezon,Mun
Sariaya,Quezon,Mun
Tagkawayan,Quezon,Mun
Tayabas,Quezon,CC
Tiaong,Quezon,Mun
Unisan,Quezon,Mun
Aglipay,Quirino,Mun
Cabarroguis,Quirino,Mun
Diffun*,Quirino,Mun
Maddela,Quirino,Mun
Nagtipunan,Quirino,Mun
Saguday,Quirino,Mun
Angono,Rizal,Mun
Antipolo*,Rizal,CC
Baras,Rizal,Mun
Binangonan,Rizal,Mun
Cainta,Rizal,Mun
Cardona,Rizal,Mun
Jalajala,Rizal,Mun
Morong,Rizal,Mun
Pililla,Rizal,Mun
Rodriguez,Rizal,Mun
San Mateo,Rizal,Mun
Tanay,Rizal,Mun
Taytay,Rizal,Mun
Teresa,Rizal,Mun
Alcantara,Romblon,Mun
Banton,Romblon,Mun
Cajidiocan,Romblon,Mun
Calatrava,Romblon,Mun
Concepcion,Romblon,Mun
Corcuera,Romblon,Mun
Ferrol,Romblon,Mun
Looc,Romblon,Mun
Magdiwang,Romblon,Mun
Odiongan*,Romblon,Mun
Romblon,Romblon,Mun
San Agustin,Romblon,Mun
San Andres,Romblon,Mun
San Fernando,Romblon,Mun
San Jose,Romblon,Mun
Santa Fe,Romblon,Mun
Santa Maria,Romblon,Mun
Almagro,Samar,Mun
Basey,Samar,Mun
Calbayog*,Samar,CC
Calbiga,Samar,Mun
Catbalogan,Samar,CC
Daram,Samar,Mun
Gandara,Samar,Mun
Hinabangan,Samar,Mun
Jiabong,Samar,Mun
Marabut,Samar,Mun
Matuguinao,Samar,Mun
Motiong,Samar,Mun
Pagsanghan,Samar,Mun
Paranas,Samar,Mun
Pinabacdao,Samar,Mun
San Jorge,Samar,Mun
San Jose de Buan,Samar,Mun
San Sebastian,Samar,Mun
Santa Margarita,Samar,Mun
Santa Rita,Samar,Mun
Santo Niño,Samar,Mun
Tagapul-an,Samar,Mun
Talalora,Samar,Mun
Tarangnan,Samar,Mun
Villareal,Samar,Mun
Zumarraga,Samar,Mun
Alabel,Sarangani,Mun
Glan*,Sarangani,Mun
Kiamba,Sarangani,Mun
Maasim,Sarangani,Mun
Maitum,Sarangani,Mun
Malapatan,Sarangani,Mun
Malungon,Sarangani,Mun
Enrique Villanueva,Siquijor,Mun
Larena,Siquijor,Mun
Lazi,Siquijor,Mun
Maria,Siquijor,Mun
San Juan,Siquijor,Mun
Siquijor*,Siquijor,Mun
Barcelona,Sorsogon,Mun
Bulan,Sorsogon,Mun
Bulusan,Sorsogon,Mun
Casiguran,Sorsogon,Mun
Castilla,Sorsogon,Mun
Donsol,Sorsogon,Mun
Gubat,Sorsogon,Mun
Irosin,Sorsogon,Mun
Juban,Sorsogon,Mun
Magallanes,Sorsogon,Mun
Matnog,Sorsogon,Mun
Pilar,Sorsogon,Mun
Prieto Diaz,Sorsogon,Mun
Santa Magdalena,Sorsogon,Mun
Sorsogon City*,Sorsogon,CC
Banga,South Cotabato,Mun
General Santos*,South Cotabato,HUC
Koronadal,South Cotabato,CC
Lake Sebu,South Cotabato,Mun
Norala,South Cotabato,Mun
Polomolok,South Cotabato,Mun
Santo Niño,South Cotabato,Mun
Surallah,South Cotabato,Mun
T'Boli,South Cotabato,Mun
Tampakan,South Cotabato,Mun
Tantangan,South Cotabato,Mun
Tupi,South Cotabato,Mun
Anahawan,Southern Leyte,Mun
Bontoc,Southern Leyte,Mun
Hinunangan,Southern Leyte,Mun
Hinundayan,Southern Leyte,Mun
Libagon,Southern Leyte,Mun
Liloan,Southern Leyte,Mun
Limasawa,Southern Leyte,Mun
Maasin*,Southern Leyte,CC
Macrohon,Southern Leyte,Mun
Malitbog,Southern Leyte,Mun
Padre Burgos,Southern Leyte,Mun
Pintuyan,Southern Leyte,Mun
Saint Bernard,Southern Leyte,Mun
San Francisco,Southern Leyte,Mun
San Juan,Southern Leyte,Mun
San Ricardo,Southern Leyte,Mun
Silago,Southern Leyte,Mun
Sogod,Southern Leyte,Mun
Tomas Oppus,Southern Leyte,Mun
Bagumbayan,Sultan Kudarat,Mun
Columbio,Sultan Kudarat,Mun
Esperanza,Sultan Kudarat,Mun
Isulan,Sultan Kudarat,Mun
Kalamansig,Sultan Kudarat,Mun
Lambayong,Sultan Kudarat,Mun
Lebak,Sultan Kudarat,Mun
Lutayan,Sultan Kudarat,Mun
Palimbang,Sultan Kudarat,Mun
President Quirino,Sultan Kudarat,Mun
Senator Ninoy Aquino,Sultan Kudarat,Mun
Tacurong*,Sultan Kudarat,CC
Banguingui,Sulu,Mun
Hadji Panglima Tahil,Sulu,Mun
Indanan,Sulu,Mun
Jolo*,Sulu,Mun
Kalingalan Caluang,Sulu,Mun
Lugus,Sulu,Mun
Luuk,Sulu,Mun
Maimbung,Sulu,Mun
Omar,Sulu,Mun
Panamao,Sulu,Mun
Pandami,Sulu,Mun
Panglima Estino,Sulu,Mun
Pangutaran,Sulu,Mun
Parang,Sulu,Mun
Pata,Sulu,Mun
Patikul,Sulu,Mun
Siasi,Sulu,Mun
Talipao,Sulu,Mun
Tapul,Sulu,Mun
Alegria,Surigao del Norte,Mun
Bacuag,Surigao del Norte,Mun
Burgos,Surigao del Norte,Mun
Claver,Surigao del Norte,Mun
Dapa,Surigao del Norte,Mun
Del Carmen,Surigao del Norte,Mun
General Luna,Surigao del Norte,Mun
Gigaquit,Surigao del Norte,Mun
Mainit,Surigao del Norte,Mun
Malimono,Surigao del Norte,Mun
Pilar,Surigao del Norte,Mun
Placer,Surigao del Norte,Mun
San Benito,Surigao del Norte,Mun
San Francisco,Surigao del Norte,Mun
San Isidro,Surigao del Norte,Mun
Santa Monica,Surigao del Norte,Mun
Sison,Surigao del Norte,Mun
Socorro,Surigao del Norte,Mun
Surigao City*,Surigao del Norte,CC
Tagana-an,Surigao del Norte,Mun
Tubod,Surigao del Norte,Mun
Barobo,Surigao del Sur,Mun
Bayabas,Surigao del Sur,Mun
Bislig*,Surigao del Sur,CC
Cagwait,Surigao del Sur,Mun
Cantilan,Surigao del Sur,Mun
Carmen,Surigao del Sur,Mun
Carrascal,Surigao del Sur,Mun
Cortes,Surigao del Sur,Mun
Hinatuan,Surigao del Sur,Mun
Lanuza,Surigao del Sur,Mun
Lianga,Surigao del Sur,Mun
Lingig,Surigao del Sur,Mun
Madrid,Surigao del Sur,Mun
Marihatag,Surigao del Sur,Mun
San Agustin,Surigao del Sur,Mun
San Miguel,Surigao del Sur,Mun
Tagbina,Surigao del Sur,Mun
Tago,Surigao del Sur,Mun
Tandag,Surigao del Sur,CC
Anao,Tarlac,Mun
Bamban,Tarlac,Mun
Camiling,Tarlac,Mun
Capas,Tarlac,Mun
Concepcion,Tarlac,Mun
Gerona,Tarlac,Mun
La Paz,Tarlac,Mun
Mayantoc,Tarlac,Mun
Moncada,Tarlac,Mun
Paniqui,Tarlac,Mun
Pura,Tarlac,Mun
Ramos,Tarlac,Mun
San Clemente,Tarlac,Mun
San Jose,Tarlac,Mun
San Manuel,Tarlac,Mun
Santa Ignacia,Tarlac,Mun
Tarlac City*,Tarlac,CC
Victoria,Tarlac,Mun
Bongao*,Tawi-Tawi,Mun
Languyan,Tawi-Tawi,Mun
Mapun,Tawi-Tawi,Mun
Panglima Sugala,Tawi-Tawi,Mun
Sapa-Sapa,Tawi-Tawi,Mun
Sibutu,Tawi-Tawi,Mun
Simunul,Tawi-Tawi,Mun
Sitangkai,Tawi-Tawi,Mun
South Ubian,Tawi-Tawi,Mun
Tandubas,Tawi-Tawi,Mun
Turtle Islands,Tawi-Tawi,Mun
Botolan,Zambales,Mun
Cabangan,Zambales,Mun
Candelaria,Zambales,Mun
Castillejos,Zambales,Mun
Iba,Zambales,Mun
Masinloc,Zambales,Mun
Olongapo*,Zambales,HUC
Palauig,Zambales,Mun
San Antonio,Zambales,Mun
San Felipe,Zambales,Mun
San Marcelino,Zambales,Mun
San Narciso,Zambales,Mun
Santa Cruz,Zambales,Mun
Subic,Zambales,Mun
Baliguian,Zamboanga del Norte,Mun
Dapitan,Zamboanga del Norte,CC
Dipolog*,Zamboanga del Norte,CC
Godod,Zamboanga del Norte,Mun
Gutalac,Zamboanga del Norte,Mun
Jose Dalman,Zamboanga del Norte,Mun
Kalawit,Zamboanga del Norte,Mun
Katipunan,Zamboanga del Norte,Mun
La Libertad,Zamboanga del Norte,Mun
Labason,Zamboanga del Norte,Mun
Leon B. Postigo,Zamboanga del Norte,Mun
Liloy,Zamboanga del Norte,Mun
Manukan,Zamboanga del Norte,Mun
Mutia,Zamboanga del Norte,Mun
Piñan,Zamboanga del Norte,Mun
Polanco,Zamboanga del Norte,Mun
Rizal,Zamboanga del Norte,Mun
Roxas,Zamboanga del Norte,Mun
Salug,Zamboanga del Norte,Mun
Sergio Osmeña,Zamboanga del Norte,Mun
Siayan,Zamboanga del Norte,Mun
Sibuco,Zamboanga del Norte,Mun
Sibutad,Zamboanga del Norte,Mun
Sindangan,Zamboanga del Norte,Mun
Siocon,Zamboanga del Norte,Mun
Sirawai,Zamboanga del Norte,Mun
Tampilisan,Zamboanga del Norte,Mun
Aurora,Zamboanga del Sur,Mun
Bayog,Zamboanga del Sur,Mun
Dimataling,Zamboanga del Sur,Mun
Dinas,Zamboanga del Sur,Mun
Dumalinao,Zamboanga del Sur,Mun
Dumingag,Zamboanga del Sur,Mun
Guipos,Zamboanga del Sur,Mun
Josefina,Zamboanga del Sur,Mun
Kumalarang,Zamboanga del Sur,Mun
Labangan,Zamboanga del Sur,Mun
Lakewood,Zamboanga del Sur,Mun
Lapuyan,Zamboanga del Sur,Mun
Mahayag,Zamboanga del Sur,Mun
Margosatubig,Zamboanga del Sur,Mun
Midsalip,Zamboanga del Sur,Mun
Molave,Zamboanga del Sur,Mun
Pagadian,Zamboanga del Sur,CC
Pitogo,Zamboanga del Sur,Mun
Ramon Magsaysay,Zamboanga del Sur,Mun
San Miguel,Zamboanga del Sur,Mun
San Pablo,Zamboanga del Sur,Mun
Sominot,Zamboanga del Sur,Mun
Tabina,Zamboanga del Sur,Mun
Tambulig,Zamboanga del Sur,Mun
Tigbao,Zamboanga del Sur,Mun
Tukuran,Zamboanga del Sur,Mun
Vincenzo A. Sagun,Zamboanga del Sur,Mun
Zamboanga City*,Zamboanga del Sur,HUC
Alicia,Zamboanga Sibugay,Mun
Buug,Zamboanga Sibugay,Mun
Diplahan,Zamboanga Sibugay,Mun
Imelda,Zamboanga Sibugay,Mun
Ipil*,Zamboanga Sibugay,Mun
Kabasalan,Zamboanga Sibugay,Mun
Mabuhay,Zamboanga Sibugay,Mun
Malangas,Zamboanga Sibugay,Mun
Naga,Zamboanga Sibugay,Mun
Olutanga,Zamboanga Sibugay,Mun
Payao,Zamboanga Sibugay,Mun
Roseller Lim,Zamboanga Sibugay,Mun
Siay,Zamboanga Sibugay,Mun
Talusan,Zamboanga Sibugay,Mun
Titay,Zamboanga Sibugay,Mun
Tungawan,Zamboanga Sibugay,Mun
